Name;Link
0Linux;https://distroware.gitlab.io/os/Linux/0-9/0linux
2XOS;https://distroware.gitlab.io/os/Linux/0-9/2xos
4M;https://distroware.gitlab.io/os/Linux/0-9/4m
64Studio;https://distroware.gitlab.io/os/Linux/0-9/64studio
Absolute;https://distroware.gitlab.io/os/Linux/a/absolute
Airinux;http://airinux.blogspot.ch/
AL-AMLUG;https://distroware.gitlab.io/os/Linux/a/archie
Alpine Linux;https://distroware.gitlab.io/os/Linux/a/alpine-linux
ALT;https://distroware.gitlab.io/os/Linux/a/alt
Amahi;https://distroware.gitlab.io/os/Linux/a/amahi
Amber;http://distrowatch.com/table.php?distribution=amber
Android Wear;https://distroware.gitlab.io/os/Linux/LinuxAndroid/a/android-wear
Android-IA;https://distroware.gitlab.io/os/Linux/LinuxAndroid/a/android-ia
Android-x86;https://distroware.gitlab.io/os/Linux/LinuxAndroid/a/android-x86
AnikOS;http://www.anikos.org/
AnNyung;https://distroware.gitlab.io/os/Linux/a/annyung
Anthon;http://sourceforge.net/projects/anthon/
antiX;https://distroware.gitlab.io/os/Linux/a/antix
AOSC OS;https://distroware.gitlab.io/os/Linux/a/aosc-os
AOSP;https://distroware.gitlab.io/os/Linux/LinuxAndroid/a/android
Apricity;https://apricity-os.github.io/
Aquamorph;https://distroware.gitlab.io/os/Linux/a/aquamorph
Arabian;https://distroware.gitlab.io/os/Linux/a/arabian
Arch Linux;https://distroware.gitlab.io/os/Linux/a/arch-linux
Arch Linux 32;https://distroware.gitlab.io/os/Linux/a/arch-linux-32
Arch Linux ARM;https://distroware.gitlab.io/os/Linux/a/arch-linux-arm
ArchBang;https://distroware.gitlab.io/os/Linux/a/archbang
ARCHLabs;https://distroware.gitlab.io/os/Linux/a/archlabs
ArchMerge;https://distroware.gitlab.io/os/Linux/a/arcolinux
Arco-Debian;https://distroware.gitlab.io/os/Linux/a/arco-debian
Arduloko OS;http://arduloko.wordpress.com/
AriOS;https://distroware.gitlab.io/os/Linux/a/arios
Ark;https://distroware.gitlab.io/os/Linux/a/ark
armbian;https://distroware.gitlab.io/os/Linux/a/armbian
Armed;http://lwn.net/1999/0916/a/armed.html
ARMedslack;https://distroware.gitlab.io/os/Linux/s/slackware-arm
Artix;https://distroware.gitlab.io/os/Linux/a/artix
AryaLinux;https://distroware.gitlab.io/os/Linux/a/aryalinux
AsianLinux;http://www.asianlinux.net/
Asianux;https://distroware.gitlab.io/os/Linux/a/asianux
ASLinux;https://distroware.gitlab.io/os/Linux/a/aslinux
ASPLinux;https://distroware.gitlab.io/os/Linux/a/asplinux
Astaro;https://distroware.gitlab.io/os/Linux/a/astaro
Asterisk at Home;https://distroware.gitlab.io/os/Linux/t/trixbox
Asteroid OS;https://distroware.gitlab.io/os/Linux/a/asteroidos/
Asturix;https://distroware.gitlab.io/os/Linux/a/asturix
AtlasX;http://archiveos.org/atlasx/
ATmission;http://www.atconsultancy.nl/atmission/
AudioPhile Linux;https://distroware.gitlab.io/os/Linux/a/audiophile-linux
Auditor Security Collection;https://distroware.gitlab.io/os/Linux/b/backtrack
Aurora;https://distroware.gitlab.io/os/Linux/a/aurora
Aurox;https://distroware.gitlab.io/os/Linux/a/aurox
AUSTRUMI;https://distroware.gitlab.io/os/Linux/a/astrumi
AV;https://distroware.gitlab.io/os/Linux/a/av-linux
AV Linux ;https://distroware.gitlab.io/os/Linux/a/av-linux
B2D;https://distroware.gitlab.io/os/Linux/b/b2d
BackBox;https://distroware.gitlab.io/os/Linux/b/backbox
Backtrack ;https://distroware.gitlab.io/os/Linux/b/backtrack
Bardinux;https://distroware.gitlab.io/os/Linux/b/bardinux
Baruwa;https://distroware.gitlab.io/os/Linux/b/baruwa
Bayanihan;https://distroware.gitlab.io/os/Linux/b/bayanihan
BBQLinux;https://distroware.gitlab.io/os/Linux/b/bbqlinux
BeatriX;http://en.wikipedia.org/wiki/BeatrIX
Bedrock;https://distroware.gitlab.io/os/Linux/b/bedrock
Beehive;https://distroware.gitlab.io/os/Linux/b/beehive
Berry;https://distroware.gitlab.io/os/Linux/b/berry
Best;https://distroware.gitlab.io/os/Linux/s/sot
Bigtux;http://bigtux.at.ua/
Bintoo;http://bintoo.sourceforge.net/
BioBrew;http://biobrew.bioinformatics.org/
Bioknoppix;http://bioknoppix.hpcf.upr.edu/
BlackArch;https://distroware.gitlab.io/os/Linux/b/blackarch
Blackbuntu;http://www.blackbuntu.com/
blackPanther;https://distroware.gitlab.io/os/Linux/b/blackpanther
BlackRhino;https://distroware.gitlab.io/os/Linux/b/blackrhino
BLAG;https://distroware.gitlab.io/os/Linux/b/blag
BlankOn;https://distroware.gitlab.io/os/Linux/b/blankon
BlueOnyx;https://distroware.gitlab.io/os/Linux/b/blueonyx
BluePoint;https://distroware.gitlab.io/os/Linux/b/bluepoint
Bluestar Linux;https://distroware.gitlab.io/os/Linux/b/bluestar-linux
Bluewall;http://distrowatch.com/table.php?distribution=bluewall
Bluewhite64;https://distroware.gitlab.io/os/Linux/b/bluewhite64
Bodhi;https://distroware.gitlab.io/os/Linux/b/bodhi
Bogus;https://distroware.gitlab.io/os/Linux/b/bogus
BOSS;https://distroware.gitlab.io/os/Linux/b/boss
BrazilFW;https://distroware.gitlab.io/os/Linux/b/brazilfw
Bridge;https://distroware.gitlab.io/os/Linux/b/bridge
BU Linux;https://distroware.gitlab.io/os/Linux/b/bu-linux
Budgie-Remix;https://distroware.gitlab.io/os/Linux/u/ubuntu-budgie
Buhawi;https://distroware.gitlab.io/os/Linux/b/buhawi
Burapha;https://distroware.gitlab.io/os/Linux/b/burapha
CAINE;https://distroware.gitlab.io/os/Linux/c/caine-live
Caixa M√°gica;https://distroware.gitlab.io/os/Linux/c/caixa-magica
Calculate;https://distroware.gitlab.io/os/Linux/c/calculate
Caldera OpenLinux;https://distroware.gitlab.io/os/Linux/o/openlinux
Canaima;https://distroware.gitlab.io/os/Linux/c/canaima
CentOS;https://distroware.gitlab.io/os/Linux/c/centos
CERN;https://distroware.gitlab.io/os/Linux/c/cern
Chakra;https://distroware.gitlab.io/os/Linux/c/chakra
ChaletOS;https://sites.google.com/site/chaletoslinux/home
ChameleonOS;http://chameleonos.wordpress.com/
Chaox;http://blag.chaox.net/
Chapeau;https://distroware.gitlab.io/os/Linux/c/chapeau
Christian Edition;https://distroware.gitlab.io/os/Linux/c/christian-edition
Chrome OS;https://distroware.gitlab.io/os/Linux/c/chromeos
Chromium OS;https://distroware.gitlab.io/os/Linux/c/chromiumos
Cinnarch;https://distroware.gitlab.io/os/Linux/a/antergos
ClarkConnect;https://distroware.gitlab.io/os/Linux/c/clearos
Clear Linux;https://distroware.gitlab.io/os/Linux/c/clear-linux
Clonezilla Live;https://distroware.gitlab.io/os/Linux/c/clonezilla
CloudLinux OS;https://distroware.gitlab.io/os/Linux/c/cloudlinux
CloudReady;https://distroware.gitlab.io/os/Linux/c/cloudready
Commodore OS;https://distroware.gitlab.io/os/Linux/c/commodore-os
Conducit;http://conducit.de/
Conectiva;https://distroware.gitlab.io/os/Linux/c/connectiva
CopperheadOS;https://distroware.gitlab.io/os/Linux/LinuxAndroid/c/copperhead-os
Corel;https://distroware.gitlab.io/os/Linux/x/xandros
CoreOS;https://distroware.gitlab.io/os/Linux/c/container-linux
Coyote;https://distroware.gitlab.io/os/Linux/c/coyote
Craftworks;https://distroware.gitlab.io/os/Linux/c/craftworks
Crowz;https://sourceforge.net/projects/crowz/
CrunchBang;https://distroware.gitlab.io/os/Linux/c/crunchbang
CrunchBang plus plus;https://distroware.gitlab.io/os/Linux/c/crunchbang++
CRUX;https://distroware.gitlab.io/os/Linux/c/crux
CTKarchLive;https://distroware.gitlab.io/os/Linux/c/ctkarch
Cultix;http://cultix.cu.cc/
Cyanogen OS;https://distroware.gitlab.io/os/Linux/LinuxAndroid/c/cyanogenmod
CyanogenMod;https://distroware.gitlab.io/os/Linux/LinuxAndroid/c/cyanogenmod
Damn Small Linux;https://distroware.gitlab.io/os/Linux/d/damn-small-linux
Damn Vulnerable Linux;https://distroware.gitlab.io/os/Linux/d/damn-vulnerable-linux
Danix;https://distroware.gitlab.io/os/Linux/d/danix
Daphile;https://distroware.gitlab.io/os/Linux/d/daphile
DARKSTAR;https://distroware.gitlab.io/os/Linux/d/darkstar
Dax OS;http://www.daxos.linuxerz.org/
dCore;https://distroware.gitlab.io/os/Linux/d/dcore
DeadCD;https://distroware.gitlab.io/os/Linux/o/olive
Debian;https://distroware.gitlab.io/os/Linux/d/debian
deepin;
DEFT;https://distroware.gitlab.io/os/Linux/d/deft
DeLi;http://www.delilinux.de/
DeLicate;https://distroware.gitlab.io/os/Linux/d/delicate
Demolinux;https://distroware.gitlab.io/os/Linux/d/demolinux
DeMuDi;https://distroware.gitlab.io/os/Linux/d/demudi
Descent OS;https://distroware.gitlab.io/os/Linux/descent-os
Devil;https://distroware.gitlab.io/os/Linux/d/devil
Devuan;https://distroware.gitlab.io/os/Linux/d/devuan
DILINUX;https://distroware.gitlab.io/os/Linux/d/doslinux
Dizinha;https://distroware.gitlab.io/os/Linux/d/dizinha
DLD;https://distroware.gitlab.io/os/Linux/d/dld
DNALinux;https://distroware.gitlab.io/os/Linux/d/dnalinux
DoudouLinux;https://distroware.gitlab.io/os/Linux/d/doudoulinux
Draco;https://distroware.gitlab.io/os/Linux/d/draco
Dragora;https://distroware.gitlab.io/os/Linux/d/dragora
DRBL;https://distroware.gitlab.io/os/Linux/d/drbl
Dream Studio;https://distroware.gitlab.io/os/Linux/d/dream-studio
Dreamlinux;https://distroware.gitlab.io/os/Linux/d/dreamlinux
DSL-N;http://www.damnsmalllinux.org/dsl-n/
dyne:bolic;https://distroware.gitlab.io/os/Linux/d/dyne-bolic
e-smith;https://distroware.gitlab.io/os/Linux/sme-server
EasyNAS;https://distroware.gitlab.io/os/Linux/e/easynas
eBox;https://distroware.gitlab.io/os/Linux/z/zentyal
Edubuntu;https://distroware.gitlab.io/os/Linux/e/edubuntu
Eeebuntu;https://distroware.gitlab.io/os/Linux/a/aurora-os
eIT easyLinux;https://distroware.gitlab.io/os/Linux/e/eit-easylinux
Ekaaty;https://distroware.gitlab.io/os/Linux/e/ekaaty
Elastix;https://distroware.gitlab.io/os/Linux/e/elastix
Element;https://distroware.gitlab.io/os/Linux/e/element
elementary OS;https://distroware.gitlab.io/os/Linux/e/elementary-os
ELinOS;https://distroware.gitlab.io/os/Linux/e/elinos
Elive;https://distroware.gitlab.io/os/Linux/e/elive
ELX;https://distroware.gitlab.io/os/Linux/e/elx
Endian;https://distroware.gitlab.io/os/Linux/e/endian
Endless OS;https://distroware.gitlab.io/os/Linux/e/endless-os
EnGarde;https://distroware.gitlab.io/os/Linux/e/engarde
Enoch;https://distroware.gitlab.io/os/Linux/g/gentoo
Epidemic;https://distroware.gitlab.io/os/Linux/e/epidemic
epiOS;http://linux.wikia.com/wiki/EpiOS
Eridani;https://distroware.gitlab.io/os/Linux/e/eridani
Estrella Roja;https://distroware.gitlab.io/os/Linux/e/estrella-roja
Eurielec;https://distroware.gitlab.io/os/Linux/e/eurielec
EuroLinux;https://distroware.gitlab.io/os/Linux/e/eurolinux/
Euronode;http://euronode.org/
Everest;https://distroware.gitlab.io/os/Linux/q/qomo
EvilEntity;http://distrowatch.com/table.php?distribution=evilentity
Evolve OS;https://distroware.gitlab.io/os/Linux/s/solus
Exherbo;https://distroware.gitlab.io/os/Linux/e/exherbo
ExTiX;http://extix.se
Feather;http://featherlinux.berlios.de/
Fedora Core;https://distroware.gitlab.io/os/Linux/f/fedora
Fermi;https://distroware.gitlab.io/os/Linux/f/fermi
Finnix;https://distroware.gitlab.io/os/Linux/f/finnix
Finnix ;https://distroware.gitlab.io/os/Linux/f/finnix
FireFly;http://distrowatch.com/table.php?distribution=firefly
Flint OS;https://distroware.gitlab.io/os/Linux/f/flint-os
Fluxbuntu;https://distroware.gitlab.io/os/Linux/f/fluxbuntu
Foresight;https://distroware.gitlab.io/os/Linux/f/foresight
FoX;http://distrowatch.com/table.php?distribution=fox
FrameOS;http://www.frameos.org/
FREESCO;https://distroware.gitlab.io/os/Linux/f/freesco
Freespire;https://distroware.gitlab.io/os/Linux/f/freespire
Freezy;http://freezylinux.altervista.org/
Frugalware;https://distroware.gitlab.io/os/Linux/f/frugalware
Fuduntu;https://distroware.gitlab.io/os/Linux/f/fuduntu
Funtoo;https://distroware.gitlab.io/os/Linux/f/funtoo
Fusion;http://fusionlinux.org/
GalliumOS;https://distroware.gitlab.io/os/Linux/g/galliumos
GALPon MiniNo;https://distroware.gitlab.io/os/Linux/g/galpon-minino
Garuda;http://www.garudaone.com/
GeckoLinux;https://distroware.gitlab.io/os/Linux/g/geckolinux
GeeXboX;https://distroware.gitlab.io/os/Linux/g/geexbox
Gentoox;https://distroware.gitlab.io/os/Linux/g/gentoox
Geubuntu;https://distroware.gitlab.io/os/Linux/o/opengeu
Gibraltar;https://distroware.gitlab.io/os/Linux/g/gibraltar
GnackTrack;https://distroware.gitlab.io/os/Linux/g/gnacktrack
gNewSense;https://distroware.gitlab.io/os/Linux/g/gnewsense
Gnu-HALO;http://halo.willisburg.org/
GNUGuitarINUX;https://distroware.gitlab.io/os/Linux/g/gnuguitarinux
gnuLinEx;https://distroware.gitlab.io/os/Linux/g/gnulinex
GoblinX;https://distroware.gitlab.io/os/Linux/g/goblinx
GoboLinux;https://distroware.gitlab.io/os/Linux/g/gobolinux
Gobuntu;https://distroware.gitlab.io/os/Linux/g/gobuntu
gOS;http://www.thinkgos.com/
Granular;https://distroware.gitlab.io/os/Linux/g/granular
Greenie;https://distroware.gitlab.io/os/Linux/g/greenie
grml;https://distroware.gitlab.io/os/Linux/g/grml
Guadalinex;https://distroware.gitlab.io/os/Linux/g/guadalinex
GuixSD;https://distroware.gitlab.io/os/Linux/g/guix
Hadron;https://github.com/hadronproject
HandyLinux;https://handylinux.org
Hanthana;https://distroware.gitlab.io/os/Linux/h/hantana
Happy Linux;http://distrowatch.com/table.php?distribution=happy
Haydar;http://www.haydarlinux.com/
Hikarunix;http://www.assembla.com/wiki/show/Hikarunix
Hiweed Linux;https://distroware.gitlab.io/os/Linux/d/deepin
Hiweed Linux ;https://distroware.gitlab.io/os/Linux/d/deepin
Hiwix;https://distroware.gitlab.io/os/Linux/d/deepin
HostGIS;https://distroware.gitlab.io/os/Linux/h/hostgis
How-Tux;http://distrowatch.com/table.php?distribution=howtux
HP Secure;http://www.hp.com/security/products/linux/
Hybride;http://www.hybryde.org/
Hyperbola;https://distroware.gitlab.io/os/Linux/h/hyperbola
icefeast;http://icefeast.tk/
Igelle;http://www.igelle.com/
Immunix;https://distroware.gitlab.io/os/Linux/i/immunix
Impi;http://en.wikipedia.org/wiki/Impi_Linux
Independence;https://distroware.gitlab.io/os/Linux/i/independence
Inquisitor;https://distroware.gitlab.io/os/Linux/i/inquisitor
INSERT;https://distroware.gitlab.io/os/Linux/i/insert
INX;http://inx.maincontent.net/
IPCop;https://distroware.gitlab.io/os/Linux/i/ipcop
IPFire;https://distroware.gitlab.io/os/Linux/i/ipfire
iQunix OS;http://iqunix.blogspot.ch/
januslinux;https://distroware.gitlab.io/os/Linux/a/ataraxia/
Jarro Negro;https://distroware.gitlab.io/os/Linux/j/jarro-negro
Jeoss;http://www.vercot.com/~jeoss/
jfLinux;http://www.jflinux.org/
Joatha;http://code.google.com/p/joatha/
Jolicloud;https://distroware.gitlab.io/os/Linux/j/jolicloud
Jollix;http://jollix.berlios.de/de/
JOPUX;http://jopux.org/
Jurix;https://distroware.gitlab.io/os/Linux/j/jurix
K-DEMar;https://distroware.gitlab.io/os/Linux/k/kademar
K12;https://distroware.gitlab.io/os/Linux/k/k12
KaarPux;https://distroware.gitlab.io/os/Linux/k/kaarpux
KaeilOS;https://distroware.gitlab.io/os/Linux/k/kaeilos
Kaella;https://distroware.gitlab.io/os/Linux/k/kaella
KahelOS;https://distroware.gitlab.io/os/Linux/k/kahelos
Kalango;https://distroware.gitlab.io/os/Linux/k/kalango
Kali;https://distroware.gitlab.io/os/Linux/k/kali
Kanotix;https://distroware.gitlab.io/os/Linux/k/kanotix
KaOS;https://distroware.gitlab.io/os/Linux/k/kaos
Kate;https://distroware.gitlab.io/os/Linux/k/kateos
KDE Neon;https://distroware.gitlab.io/os/Linux/k/kde-neon
Keysoft;http://keysoft.zitrotec.de
Kiwi;https://distroware.gitlab.io/os/Linux/k/kiwi
Knopperdisk;https://distroware.gitlab.io/os/Linux/k/knopperdisk
Knoppix;https://distroware.gitlab.io/os/Linux/k/knoppix
KnoppMyth;https://distroware.gitlab.io/os/Linux/k/knoppmyth
Kondara;https://distroware.gitlab.io/os/Linux/k/kondara
Kongoni;https://distroware.gitlab.io/os/Linux/k/kongoni
Kororaa;https://distroware.gitlab.io/os/Linux/k/kororaa
Kororaa ;https://distroware.gitlab.io/os/Linux/k/korora
KRUD;https://distroware.gitlab.io/os/Linux/k/krud
Kubuntu;https://distroware.gitlab.io/os/Linux/k/kubuntu
Kurumin;https://distroware.gitlab.io/os/Linux/k/kurumin
Kwort;https://distroware.gitlab.io/os/Linux/k/kwort
Lakka;https://distroware.gitlab.io/os/Linux/l/lakka
LDR;http://web.archive.org/web/20110717211908/http://www.tommed.co.uk/ldr/
LEAF;https://distroware.gitlab.io/os/Linux/l/leaf
Lede Project;https://distroware.gitlab.io/os/Linux/o/openwrt
Leeenux;https://distroware.gitlab.io/os/Linux/l/leeenux
Leka Rescue Floppy;https://distroware.gitlab.io/os/Linux/l/leka-rescue-floppy
Libert√©;https://distroware.gitlab.io/os/Linux/l/liberte
Libranet;https://distroware.gitlab.io/os/Linux/l/libranet
Librassoc;https://distroware.gitlab.io/os/Linux/l/librassoc
LibreELEC;https://distroware.gitlab.io/os/Linux/l/libreelec
Lihuen;https://distroware.gitlab.io/os/Linux/l/lihuen
Lin2Go;http://lin2go.com/
Lindows;https://distroware.gitlab.io/os/Linux/l/linspire
LineageOS;https://distroware.gitlab.io/os/Linux/LinuxAndroid/l/lineageos
LinHES;https://distroware.gitlab.io/os/Linux/l/linhes
Linkat;https://distroware.gitlab.io/os/Linux/l/linkat
Linkat  ;https://distroware.gitlab.io/os/Linux/l/linkat
Linpus;https://distroware.gitlab.io/os/Linux/l/linpus
Linux From Scratch;https://distroware.gitlab.io/os/Linux/l/linux-from-scratch
Linux Lite;https://distroware.gitlab.io/os/Linux/l/linux-lite
Linux Mint;https://distroware.gitlab.io/os/Linux/l/linux-mint
Linux Mint Debian Edition;https://distroware.gitlab.io/os/Linux/l/linux-mint-debian-edition
Linux Router Project;https://distroware.gitlab.io/os/Linux/l/linux-router-project
Linux Universe;https://distroware.gitlab.io/os/Linux/l/linux-universe
Linux-FT;https://distroware.gitlab.io/os/Linux/l/linux-ft
LinuxBBQ;https://distroware.gitlab.io/os/Linux/l/linuxbbq
LinuxConsole;https://distroware.gitlab.io/os/Linux/l/linuxconsole
LinuxInstall;http://linuxinstall.org/
LinuxPPC;https://distroware.gitlab.io/os/Linux/l/linuxppc
Linvo;https://distroware.gitlab.io/os/Linux/l/linvo
Liquid Lemur;https://distroware.gitlab.io/os/Linux/l/liquid-lemur
Liri OS;https://liri.io/
LliureX;https://distroware.gitlab.io/os/Linux/l/lliurex
LPS;https://distroware.gitlab.io/os/Linux/t/tens
LST;https://distroware.gitlab.io/os/Linux/l/lst
Lubuntu;https://distroware.gitlab.io/os/Linux/l/lubuntu
Lunar Linux;https://distroware.gitlab.io/os/Linux/l/lunar-linux
LuneOS;https://distroware.gitlab.io/os/Linux/l/luneos
LXLE;https://distroware.gitlab.io/os/Linux/l/lxle
Macpup;https://distroware.gitlab.io/os/Linux/m/macpup
Madbox;https://distroware.gitlab.io/os/Linux/m/madbox
Mageia;https://distroware.gitlab.io/os/Linux/m/mageia
Mamona;http://dev.openbossa.org/trac/mamona
Mandragora;http://sourceforge.net/p/mandragoralinux/wiki/Home/
Mandrake;https://distroware.gitlab.io/os/Linux/m/mandriva
Manjaro;https://distroware.gitlab.io/os/Linux/m/manjaro
Maryan;http://www.maryanlinux.com/
Matriux;https://distroware.gitlab.io/os/Linux/m/matriux
Maui Linux;https://www.mauilinux.org/
Maui OS;https://distroware.gitlab.io/os/Linux/m/maui-os
MAX;https://distroware.gitlab.io/os/Linux/m/max
MAX ;https://distroware.gitlab.io/os/Linux/m/max
MCC Interim;https://distroware.gitlab.io/os/Linux/m/mcc-interim
Medialinux;https://distroware.gitlab.io/os/Linux/a/artistix
MeeGo;https://distroware.gitlab.io/os/Linux/m/meego
MEPIS;https://distroware.gitlab.io/os/Linux/m/mepis
Mer;https://distroware.gitlab.io/os/Linux/m/mer
Metamorphose;https://distroware.gitlab.io/os/Linux/m/metamorphose
Midori;https://distroware.gitlab.io/os/Linux/m/midori
Mini;https://distroware.gitlab.io/os/Linux/m/mini
Minimal Linux Live;https://distroware.gitlab.io/os/Linux/m/minimal-linux-live
Minislack;https://distroware.gitlab.io/os/Linux/z/zenwalk
miniwoody;http://www.pro-linux.de/news/1/5322/miniwoody-10.html
Miracle;https://distroware.gitlab.io/os/Linux/m/miracle
mkLinux;https://distroware.gitlab.io/os/Linux/m/mklinux
MLIPenguin-OS;http://sourceforge.net/projects/mlipenguinos/
MNIS;https://distroware.gitlab.io/os/Linux/m/mnis
Moblin;https://distroware.gitlab.io/os/Linux/m/moblin
Moblin 2;https://distroware.gitlab.io/os/Linux/m/moblin
MoLinux;https://distroware.gitlab.io/os/Linux/m/molinux
Momonga;https://distroware.gitlab.io/os/Linux/m/momonga
Monkey;https://distroware.gitlab.io/os/Linux/m/monkey
Monomaxos;https://distroware.gitlab.io/os/Linux/m/monomaxos
Moode;https://distroware.gitlab.io/os/Linux/m/moode
MoonOS;https://distroware.gitlab.io/os/Linux/m/moonos
MOPSLinux;https://distroware.gitlab.io/os/Linux/a/agilia-linux
MorpheusArch Linux;http://morpheusarch.co.uk/
Morphix;https://distroware.gitlab.io/os/Linux/m/morphix
Musix;https://distroware.gitlab.io/os/Linux/m/musix
Muslim Edition;https://distroware.gitlab.io/os/Linux/s/sabily
MX Linux;https://distroware.gitlab.io/os/Linux/m/mx-linux
Mystras OS;http://mystras.cloudfactory.eu/
Mythbuntu;https://distroware.gitlab.io/os/Linux/m/mythbuntu
MythDora;https://distroware.gitlab.io/os/Linux/m/mythdora
Nanolinux;https://distroware.gitlab.io/os/Linux/n/nanolinux
Natures Linux;https://distroware.gitlab.io/os/Linux/n/natures-linux
Navyn OS;http://distrowatch.com/table.php?distribution=navynos
NayuOS;https://distroware.gitlab.io/os/Linux/n/nayuos
NeoDizinha;https://distroware.gitlab.io/os/Linux/n/neodizinha
NepaLinux;https://distroware.gitlab.io/os/Linux/n/nepalinux
NethServer;https://distroware.gitlab.io/os/Linux/n/nethserver
Netrunner;https://distroware.gitlab.io/os/Linux/n/netrunner
Netrunner ;https://distroware.gitlab.io/os/Linux/n/netrunner
Netrunner Rolling;https://distroware.gitlab.io/os/Linux/n/netrunner-rolling
NetSecL;https://distroware.gitlab.io/os/Linux/n/netsecl
NetStation;https://distroware.gitlab.io/os/Linux/n/netstation
Newtoos;https://distroware.gitlab.io/os/Linux/n/newtoos
NimbleX;https://distroware.gitlab.io/os/Linux/n/nimblex
NixOS;https://distroware.gitlab.io/os/Linux/n/nixos
NodeZero;http://netinfinity.org/
noop;https://distroware.gitlab.io/os/Linux/n/noop
Nosonja;http://nosonja.org/
Nova;https://distroware.gitlab.io/os/Linux/n/nova
Novell Linux Desktop;https://distroware.gitlab.io/os/Linux/s/suse
NST;https://distroware.gitlab.io/os/Linux/n/nst
nUbuntu;https://distroware.gitlab.io/os/Linux/n/nubuntu
NuTyX;https://distroware.gitlab.io/os/Linux/n/nutyx
Obarun;https://distroware.gitlab.io/os/Linux/o/obarun
OBRevenge OS;http://obrevenge.weebly.com/
OccupyOS;http://wiki.gitbrew.org/wikibrew/OccupyOS
Octoz;https://distroware.gitlab.io/os/Linux/o/octoz
Ojuba;https://distroware.gitlab.io/os/Linux/o/ojuba
OmniROM;https://distroware.gitlab.io/os/Linux/LinuxAndroid/o/omnirom
Omoikane Arma;https://distroware.gitlab.io/os/Linux/o/omoikane-arma
OpenELEC;https://distroware.gitlab.io/os/Linux/o/openelec
Openfiler;https://distroware.gitlab.io/os/Linux/o/openfiler
openmamba;https://distroware.gitlab.io/os/Linux/o/openmamba
OpenMandriva Lx;https://distroware.gitlab.io/os/Linux/o/openmandriva
OpenMediaVault;https://distroware.gitlab.io/os/Linux/o/openmediavault
OpenNode;http://opennodecloud.com/
OpenSLS;https://distroware.gitlab.io/os/Linux/a/annvix
Openwall;https://distroware.gitlab.io/os/Linux/o/openwall
OpenWRT;https://distroware.gitlab.io/os/Linux/o/openwrt
Ophcrack;https://distroware.gitlab.io/os/Linux/o/ophcrack
Oracle Enterprise;https://distroware.gitlab.io/os/Linux/o/oracle-linux
OS2005;https://distroware.gitlab.io/os/Linux/m/maemo
OSGeo-Live;https://distroware.gitlab.io/os/Linux/o/osgeo-live
OSMC;https://distroware.gitlab.io/os/Linux/o/osmc
OviOS;https://distroware.gitlab.io/os/Linux/o/ovios
Oz;http://ubuntuforums.org/showthread.php?t=398478
P@xtreme;http://pxtreme.hu/
Paldo;https://distroware.gitlab.io/os/Linux/p/paldo
Papug;https://distroware.gitlab.io/os/Linux/p/papug
Parabola;https://distroware.gitlab.io/os/Linux/p/parabola
ParallelKnoppix;https://distroware.gitlab.io/os/Linux/p/parallelknoppix
Pardus;https://distroware.gitlab.io/os/Linux/p/pardus
Parrot;https://distroware.gitlab.io/os/Linux/p/parrot
Parsidora;https://distroware.gitlab.io/os/Linux/p/parsidora
Parsix;https://distroware.gitlab.io/os/Linux/p/parsix
Parted Magic;https://distroware.gitlab.io/os/Linux/p/parted-magic
PC OS;https://distroware.gitlab.io/os/Linux/b/black-lab
PCLinuxOS;https://distroware.gitlab.io/os/Linux/p/pclinuxos
Peach OSI;https://distroware.gitlab.io/os/Linux/p/peacho-si
Peanut;https://distroware.gitlab.io/os/Linux/a/alinux
Pear OS;http://www.pearlinux.fr/
PelicanHPC;https://distroware.gitlab.io/os/Linux/p/pelicanhpc
Pentoo;https://distroware.gitlab.io/os/Linux/p/pentoo
Peppermint OS;https://distroware.gitlab.io/os/Linux/p/peppermint-os
Phinx;https://distroware.gitlab.io/os/Linux/p/phinx
Phoenix OS;https://distroware.gitlab.io/os/Linux/LinuxAndroid/p/phoenixos
piCorePlayer;https://distroware.gitlab.io/os/Linux/p/picoreplayer
Pingo;https://distroware.gitlab.io/os/Linux/p/pingo
Pinguy OS;https://distroware.gitlab.io/os/Linux/p/pinguy-os
Pisi Linux;https://distroware.gitlab.io/os/Linux/p/pisi-linux
Plamo;https://distroware.gitlab.io/os/Linux/p/plamo
PLATYPUX;https://distroware.gitlab.io/os/Linux/p/platypus
PLD;https://distroware.gitlab.io/os/Linux/p/pld
PLoP;https://distroware.gitlab.io/os/Linux/p/plop
Point Linux;https://distroware.gitlab.io/os/Linux/p/point
PoliArch;https://distroware.gitlab.io/os/Linux/p/poliarch
Polippix;http://polippix.org/
Pop OS;https://distroware.gitlab.io/os/Linux/p/pop-os
Porteus;https://distroware.gitlab.io/os/Linux/p/porteus
Porteus Kiosk;https://distroware.gitlab.io/os/Linux/p/porteus-kiosk
Poseidon;https://distroware.gitlab.io/os/Linux/p/poseidon
postmarketOS;https://distroware.gitlab.io/os/Linux/p/postmarketos
pQui;https://distroware.gitlab.io/os/Linux/p/pqui
PrimTux;https://distroware.gitlab.io/os/Linux/p/primtux
Progeny;https://distroware.gitlab.io/os/Linux/p/progeny
Progress;https://distroware.gitlab.io/os/Linux/p/progress
Project Ballantin;https://distroware.gitlab.io/os/Linux/b/project-ballantin
Project Brillo;https://distroware.gitlab.io/os/Linux/LinuxAndroid/a/android-things
Proxmox;https://distroware.gitlab.io/os/Linux/p/proxmox
PUD;https://distroware.gitlab.io/os/Linux/x/xpud
PUIAS;https://distroware.gitlab.io/os/Linux/s/springdale
Puppy;https://distroware.gitlab.io/os/Linux/p/puppy
PureOS;https://distroware.gitlab.io/os/Linux/p/pureos-linux-live-kit
Q4OS;https://distroware.gitlab.io/os/Linux/q/q4os
QiLinux;https://distroware.gitlab.io/os/Linux/q/qilinux
Qimo;https://distroware.gitlab.io/os/Linux/q/qimo
Quantian;https://distroware.gitlab.io/os/Linux/q/quantian
quantOS;http://www.quantsec.com/
Qubes OS;https://distroware.gitlab.io/os/Linux/q/qubes-os
Quirky;https://distroware.gitlab.io/os/Linux/q/quirky
RancherOS;https://distroware.gitlab.io/os/Linux/r/rancher-os
Raspbian;https://distroware.gitlab.io/os/Linux/r/raspberry-pi-os
Raspbmc;https://distroware.gitlab.io/os/Linux/o/osmc
Raspyfi;https://distroware.gitlab.io/os/Linux/v/volumio
Rebellin;https://distroware.gitlab.io/os/Linux/r/rebellin
Red Flag;https://distroware.gitlab.io/os/Linux/r/red-flag
Red Hat;https://distroware.gitlab.io/os/Linux/r/red-hat
Red Ribbon;https://distroware.gitlab.io/os/Linux/r/red-ribbon
Redmond;https://distroware.gitlab.io/os/Linux/r/redmond
Redo;http://redobackup.org/
Refracta;https://distroware.gitlab.io/os/Linux/r/refracta
Remix OS;https://distroware.gitlab.io/os/Linux/LinuxAndroid/r/remixos
Rescatux;https://distroware.gitlab.io/os/Linux/r/rescatux
Resulinux;https://distroware.gitlab.io/os/Linux/r/resulinux
RIP;https://distroware.gitlab.io/os/Linux/r/rip
RoboLinux;https://distroware.gitlab.io/os/Linux/r/robolinux
ROCK;https://distroware.gitlab.io/os/Linux/r/rock
Rocks;https://distroware.gitlab.io/os/Linux/r/rocks
Rockstor;https://distroware.gitlab.io/os/Linux/r/rockstor
ROSA;https://distroware.gitlab.io/os/Linux/r/rosa
RR4;https://distroware.gitlab.io/os/Linux/s/sabayon
Runtu;https://distroware.gitlab.io/os/Linux/r/runtu
Rxart;https://distroware.gitlab.io/os/Linux/r/rxart
S.u.S.E;https://distroware.gitlab.io/os/Linux/o/opensuse
S.u.S.E Linux;https://distroware.gitlab.io/os/Linux/o/opensuse
Sage Live CD;https://distroware.gitlab.io/os/Linux/s/sage-live-cd
Sailfish OS;https://distroware.gitlab.io/os/Linux/s/sailfishos
SalineOS;https://distroware.gitlab.io/os/Linux/s/salineos
Salix;https://distroware.gitlab.io/os/Linux/s/salix
Saluki;http://saluki-linux.com/
SAM;https://distroware.gitlab.io/os/Linux/s/samity
Santoku;https://distroware.gitlab.io/os/Linux/s/santoku
Satanic Edition;http://ubuntusatanic.org/
Sauver;http://sauveros.com/
Scientific;https://distroware.gitlab.io/os/Linux/s/scientific
SCO Linux;https://distroware.gitlab.io/os/Linux/s/sco-linux
SecUntu;https://distroware.gitlab.io/os/Linux/s/secuntu
SELKS;https://distroware.gitlab.io/os/Linux/s/selks
Semplice;https://distroware.gitlab.io/os/Linux/s/semplice
ServOS;https://distroware.gitlab.io/os/Linux/s/servos
Shabdix;http://shabdix.berlios.de/
Shift Linux;https://distroware.gitlab.io/os/Linux/s/shift-linux
siduction;https://distroware.gitlab.io/os/Linux/s/siduction
sidux;https://distroware.gitlab.io/os/Linux/a/aptosid
Simplicity;https://distroware.gitlab.io/os/Linux/s/simplicity
Skolelinux;https://distroware.gitlab.io/os/Linux/d/debianedu
SL4P;https://distroware.gitlab.io/os/Linux/s/sl4p
Slack 390;https://distroware.gitlab.io/os/Linux/s/slack-390
Slackel;https://distroware.gitlab.io/os/Linux/s/slackel
Slackintosh;https://distroware.gitlab.io/os/Linux/s/slackintosh
Slackware;https://distroware.gitlab.io/os/Linux/s/slackware
Slamd64;https://distroware.gitlab.io/os/Linux/s/slamd64
SLAMPP;https://distroware.gitlab.io/os/Linux/s/slampp
Slax;https://distroware.gitlab.io/os/Linux/s/slax
SlaXBMC;https://distroware.gitlab.io/os/Linux/s/slaxbmc
SliTaz;https://distroware.gitlab.io/os/Linux/s/slitaz
SLS;https://distroware.gitlab.io/os/Linux/s/sls
SmoothWall GPL;https://distroware.gitlab.io/os/Linux/s/smoothwall
SMS;https://distroware.gitlab.io/os/Linux/s/superb-mini-server
Sn0wL1nuX;https://distroware.gitlab.io/os/Linux/l/luninux-os
Snakeoil OS;https://distroware.gitlab.io/os/Linux/s/snakeoil-os
Snowlinux;https://distroware.gitlab.io/os/Linux/s/snowlinux
SolusOS;https://distroware.gitlab.io/os/Linux/s/solusos
Sonar GNU-Linux;http://sonargnulinux.com
Sorcerer;https://distroware.gitlab.io/os/Linux/s/sorcerer
Source Mage;https://distroware.gitlab.io/os/Linux/s/source-mage
SparkyLinux;https://distroware.gitlab.io/os/Linux/s/sparky
Specifix;https://distroware.gitlab.io/os/Linux/r/rpath
Splack Linux;https://github.com/fede2cr/splack_linux
SprezzOS;http://www.sprezzatech.com/sprezzos.html
srvRX live;http://sourceforge.net/projects/srvrx/
Stampede;https://distroware.gitlab.io/os/Linux/s/stampede
StartCom;https://distroware.gitlab.io/os/Linux/s/startcom
SteamOS;https://distroware.gitlab.io/os/Linux/s/steamos
Storm;http://www.stormlinux.com/
Stresslinux;
Stux;https://distroware.gitlab.io/os/Linux/s/stux
SuliX;https://distroware.gitlab.io/os/Linux/s/sulix
Sun JDS;https://distroware.gitlab.io/os/Linux/s/sun-jds
Super Grub2 Disk;https://distroware.gitlab.io/os/Linux/s/super-grub
SuperRescue;http://www.kernel.org/pub/dist/superrescue/
SUSE Linux Enterprise Server;https://distroware.gitlab.io/os/Linux/s/suse
SwagArch GNU Linux;https://swagarch.gitlab.io/
Swift;http://www.swiftlinux.org/
Sword OS;http://swordos.wordpress.com/
Syllable Server;https://distroware.gitlab.io/os/Linux/s/syllable-server
Symphony OS;https://distroware.gitlab.io/os/Linux/s/simphony-os
Synergy;https://distroware.gitlab.io/os/Linux/s/synergy
SystemRescueCD;https://distroware.gitlab.io/os/Linux/s/systemrescue
SystemRescueCD ;https://distroware.gitlab.io/os/Linux/s/systemrescue
T2;https://distroware.gitlab.io/os/Linux/t/t2
Tails;https://distroware.gitlab.io/os/Linux/t/tails
TAMU;https://distroware.gitlab.io/os/Linux/y/tamu
Tanglu;https://distroware.gitlab.io/os/Linux/t/tanglu
Tango Studio;https://distroware.gitlab.io/os/Linux/t/tango-studio
Tao;https://distroware.gitlab.io/os/Linux/t/tao
TEENpup;https://distroware.gitlab.io/os/Linux/l/legacy-os
Thinstation;https://distroware.gitlab.io/os/Linux/t/thinstation
Tinfoil Hat;https://distroware.gitlab.io/os/Linux/t/tinfoil-hat
Tiny;https://distroware.gitlab.io/os/Linux/t/tiny
Tiny Core;https://distroware.gitlab.io/os/Linux/t/tiny-core
Tiny SliTaz;https://distroware.gitlab.io/os/Linux/t/tiny-slitaz
TinyMe;https://distroware.gitlab.io/os/Linux/t/tinyme
Tirwal;http://tirwal.terueldigital.es/
Tizen;https://distroware.gitlab.io/os/Linux/t/tizen
tomsrtbt;https://distroware.gitlab.io/os/Linux/t/tomsrtbt
Toorox;https://distroware.gitlab.io/os/Linux/t/toorox
Topologilinux;https://distroware.gitlab.io/os/Linux/t/topologinux
TorBOX;https://distroware.gitlab.io/os/Linux/w/whonix
ToriOS;https://distroware.gitlab.io/os/Linux/t/torios
Trans-Ameritech;https://distroware.gitlab.io/os/Linux/trans-ameritech-linuxware
Trisquel;https://distroware.gitlab.io/os/Linux/t/trisequel
Trustix;https://distroware.gitlab.io/os/Linux/t/trustix
Tuquito;https://distroware.gitlab.io/os/Linux/t/tuquito
Turbolinux;https://distroware.gitlab.io/os/Linux/t/turbolinux
TurnKey;https://distroware.gitlab.io/os/Linux/t/turnkey
UberStudent;https://distroware.gitlab.io/os/Linux/u/uberstudent
Uberyl;https://distroware.gitlab.io/os/Linux/c/comfusion
Ubuntu;https://distroware.gitlab.io/os/Linux/u/ubuntu
Ubuntu eee;https://distroware.gitlab.io/os/Linux/e/easy-peasy
Ubuntu GNOME;https://distroware.gitlab.io/os/Linux/u/ubuntu-gnome
Ubuntu Kylin;https://distroware.gitlab.io/os/Linux/u/ubuntu-kylin
Ubuntu MATE;https://distroware.gitlab.io/os/Linux/u/ubuntu-mate
Ubuntu Rescue Remix;https://distroware.gitlab.io/os/Linux/u/ubuntu-rescue-remix
Ubuntu Studio;https://distroware.gitlab.io/os/Linux/u/ubuntu-studio
Ubuntu Touch;https://distroware.gitlab.io/os/Linux/u/ubuntu-touch
Ubuntu-Pack;https://distroware.gitlab.io/os/Linux/u/ubuntu-pack
Ubuntulite;https://distroware.gitlab.io/os/Linux/u/u-lite
uClinux;https://distroware.gitlab.io/os/Linux/u/uclinux
UHU;https://distroware.gitlab.io/os/Linux/u/uhu
Ulteo;https://distroware.gitlab.io/os/Linux/u/ulteo
Ultimate Edition;https://distroware.gitlab.io/os/Linux/u/ultimate-edition
UltraPenguin;http://ultra.linux.cz/
Underground Desktop;https://distroware.gitlab.io/os/Linux/u/underground-desktop
Unifix;https://distroware.gitlab.io/os/Linux/u/unifix
United Linux;https://distroware.gitlab.io/os/Linux/u/united-linux
Unity Linux;https://distroware.gitlab.io/os/Linux/u/unity-linux
Univention Corporate Server;https://distroware.gitlab.io/os/Linux/u/univention
Untangle;https://distroware.gitlab.io/os/Linux/u/untangle
UserLinux;http://en.wikipedia.org/wiki/UserLinux
Ututo;https://distroware.gitlab.io/os/Linux/u/ututo
Ututo-e;https://distroware.gitlab.io/os/Linux/u/ututo
Vaporos;http://vaporos.net/
VectorLinux;https://distroware.gitlab.io/os/Linux/v/vectorlinux
VeltOS;https://velt.io/
VENENUX;https://distroware.gitlab.io/os/Linux/v/venenux
Vibuntu;https://distroware.gitlab.io/os/Linux/v/vibuntu
VidaLinux;https://distroware.gitlab.io/os/Linux/v/vidalinux
Vine;https://distroware.gitlab.io/os/Linux/v/vine
Viperr;https://distroware.gitlab.io/os/Linux/v/viper
Virtual;http://sourceforge.net/projects/virtual-linux/
Vixta;https://distroware.gitlab.io/os/Linux/e/ezey
VoidLinux;https://distroware.gitlab.io/os/Linux/v/voidlinux
Voltalinux;https://distroware.gitlab.io/os/Linux/v/voltalinux
Volumio;https://distroware.gitlab.io/os/Linux/v/volumio
VortexBox;https://distroware.gitlab.io/os/Linux/v/vortexbox
Voyage Linux;https://distroware.gitlab.io/os/Linux/v/voyage-linux
Voyager;https://distroware.gitlab.io/os/Linux/v/voyager
Vulnix;http://www.rebootuser.com/?cat=365
Vyatta;https://distroware.gitlab.io/os/Linux/v/vyatta
VyOS;https://distroware.gitlab.io/os/Linux/v/vyos
wattOS;https://distroware.gitlab.io/os/Linux/w/wattos
Weaver;https://distroware.gitlab.io/os/Linux/n/nitix
Webconverger;https://distroware.gitlab.io/os/Linux/w/webconverger
webOS;https://distroware.gitlab.io/os/Linux/w/webos
WGS Linux Pro;http://www.workgroupsolutions.com/
WHAX;https://distroware.gitlab.io/os/Linux/w/whoppix
White Box;https://distroware.gitlab.io/os/Linux/w/white-box
Whoppix;https://distroware.gitlab.io/os/Linux/w/whoppix
Wifislax;https://distroware.gitlab.io/os/Linux/w/wifislax
Wifiway;https://distroware.gitlab.io/os/Linux/w/wifiway
Wolvix;https://distroware.gitlab.io/os/Linux/w/wolvix
wtfplay-live;https://distroware.gitlab.io/os/Linux/w/wtfplay-live
Xamin;https://distroware.gitlab.io/os/Linux/x/xamin
XBMC Live;https://distroware.gitlab.io/os/Linux/x/xbmc-live
Xdenu;https://distroware.gitlab.io/os/Linux/x/xdenu
Xebian;http://web.archive.org/web/20031230131115/http://www.xbox-linux.org/
Xinutop;https://distroware.gitlab.io/os/Linux/x/xinutop
Xubuntu;https://distroware.gitlab.io/os/Linux/x/xubuntu
Ye Olde SteamOSe;https://distroware.gitlab.io/os/Linux/stephensons-rocket
Yellow Dog;https://distroware.gitlab.io/os/Linux/y/yellow-dog
Yggdrasil;https://distroware.gitlab.io/os/Linux/y/yggdrasil
Ylmf OS;https://distroware.gitlab.io/os/Linux/s/startos
Yoper;https://distroware.gitlab.io/os/Linux/y/yoper
YunoHost;https://distroware.gitlab.io/os/Linux/y/yunohost
Zebuntu;https://distroware.gitlab.io/os/Linux/z/zevenos
ZENIX;https://distroware.gitlab.io/os/Linux/z/zenix
Zenix OS;http://ubuntuforums.org/showthread.php?t=1320899
Zeroshell;https://distroware.gitlab.io/os/Linux/z/zeroshell
ZoneCD;http://www.publicip.net/
Zorin OS;https://distroware.gitlab.io/os/Linux/z/zorin-os